track_id; type; traveled_d; avg_speed; lat; lon; speed; lon_acc; lat_acc; time
1; Car; 1.81; 10.850992; 37.979838; 23.733420; 11.6261; 0.0000; -0.0000; 0.000000; 37.979839; 23.733419; 11.6261; -0.0000; -0.0000; 0.040000; 37.979840; 23.733418; 11.6261; 0.0000; -0.0000; 0.080000; 37.979841; 23.733418; 11.6261; -0.0000; -0.0000; 0.120000; 37.979842; 23.733417; 11.6261; -0.0000; 0.0000; 0.160000; 37.979843; 23.733416; 11.6261; 0.0000; 0.0000; 0.200000; 37.979844; 23.733415; 11.6261; -0.0000; -0.0000; 0.240000; 37.979845; 23.733414; 11.6261; 0.0000; 0.0000; 0.280000; 37.979845; 23.733413; 11.6261; -0.0000; -0.0000; 0.320000; 37.979846; 23.733412; 11.6261; -0.0000; 0.0000; 0.360000; 37.979847; 23.733412; 11.6261; -0.0000; -0.0000; 0.400000; 37.979848; 23.733411; 11.6261; 0.0000; 0.0000; 0.440000; 37.979849; 23.733410; 11.6261; -0.0000; -0.0000; 0.480000; 37.979850; 23.733409; 11.6261; -0.0000; -0.0000; 0.520000; 37.979851; 23.733408; 11.6261; -0.0000; -0.0000; 0.560000; 37.979852; 23.733407; 11.6261; 0.0000; -0.0000; 0.600000; 
2; Car; 7.99; 23.973873; 37.979775; 23.733423; 24.8006; 0.0000; 0.0000; 0.000000; 37.979778; 23.733422; 24.8006; -0.0000; -0.0000; 0.040000; 37.979780; 23.733420; 24.8006; 0.0000; 0.0000; 0.080000; 37.979782; 23.733418; 24.8006; -0.0000; -0.0000; 0.120000; 37.979784; 23.733417; 24.8006; 0.0000; 0.0000; 0.160000; 37.979786; 23.733415; 24.8006; 0.0000; 0.0000; 0.200000; 37.979788; 23.733413; 24.8006; -0.0000; -0.0000; 0.240000; 37.979790; 23.733411; 24.8006; 0.0000; 0.0000; 0.280000; 37.979792; 23.733410; 24.8006; 0.0000; 0.0000; 0.320000; 37.979794; 23.733408; 24.8006; -0.0000; -0.0000; 0.360000; 37.979796; 23.733406; 24.8006; 0.0000; 0.0000; 0.400000; 37.979798; 23.733404; 24.8006; -0.0000; -0.0000; 0.440000; 37.979800; 23.733403; 24.8006; 0.0000; 0.0000; 0.480000; 37.979802; 23.733401; 24.8006; 0.0000; 0.0000; 0.520000; 37.979804; 23.733399; 24.8006; -0.0000; -0.0000; 0.560000; 37.979806; 23.733397; 24.8006; 0.0000; 0.0000; 0.600000; 37.979809; 23.733396; 24.8006; 0.0000; 0.0000; 0.640000; 37.979811; 23.733394; 24.8006; 0.0000; 0.0000; 0.680000; 37.979813; 23.733392; 24.8006; 0.0000; 0.0000; 0.720000; 37.979815; 23.733391; 24.8006; 0.0000; 0.0000; 0.760000; 37.979817; 23.733389; 24.8006; 0.0000; 0.0000; 0.800000; 37.979819; 23.733387; 24.8006; 0.0000; 0.0000; 0.840000; 37.979821; 23.733385; 24.8006; 0.0000; 0.0000; 0.880000; 37.979823; 23.733384; 24.8006; 0.0000; 0.0000; 0.920000; 37.979825; 23.733382; 24.8006; 0.0000; 0.0000; 0.960000; 37.979827; 23.733380; 24.8006; 0.0000; 0.0000; 1.000000; 37.979829; 23.733378; 24.8006; 0.0000; 0.0000; 1.040000; 37.979831; 23.733377; 24.8006; 0.0000; 0.0000; 1.080000; 37.979833; 23.733375; 24.8006; 0.0000; 0.0000; 1.120000; 37.979835; 23.733373; 24.8006; 0.0000; 0.0000; 1.160000; 37.979837; 23.733371; 24.8006; 0.0000; 0.0000; 1.200000; 
3; Motorcycle; 13.71; 49.371429; 37.979685; 23.733389; 51.4286; 0.0000; 0.0000; 0.000000; 37.979689; 23.733385; 51.4286; 0.0000; 0.0000; 0.040000; 37.979693; 23.733382; 51.4286; 0.0000; 0.0000; 0.080000; 37.979698; 23.733378; 51.4286; 0.0000; 0.0000; 0.120000; 37.979702; 23.733375; 51.4286; 0.0000; 0.0000; 0.160000; 37.979706; 23.733371; 51.4286; 0.0000; 0.0000; 0.200000; 37.979711; 23.733368; 51.4286; 0.0000; 0.0000; 0.240000; 37.979715; 23.733364; 51.4286; -0.0000; -0.0000; 0.280000; 37.979719; 23.733360; 51.4286; 0.0000; 0.0000; 0.320000; 37.979723; 23.733357; 51.4286; -0.0000; -0.0000; 0.360000; 37.979728; 23.733353; 51.4286; 0.0000; 0.0000; 0.400000; 37.979732; 23.733350; 51.4286; -0.0000; -0.0000; 0.440000; 37.979736; 23.733346; 51.4286; 0.0000; 0.0000; 0.480000; 37.979741; 23.733343; 51.4286; 0.0000; 0.0000; 0.520000; 37.979745; 23.733339; 51.4286; 0.0000; 0.0000; 0.560000; 37.979749; 23.733335; 51.4286; -0.0000; -0.0000; 0.600000; 37.979753; 23.733332; 51.4286; 0.0000; 0.0000; 0.640000; 37.979758; 23.733328; 51.4286; -0.0000; -0.0000; 0.680000; 37.979762; 23.733325; 51.4286; 0.0000; 0.0000; 0.720000; 37.979766; 23.733321; 51.4286; -0.0000; -0.0000; 0.760000; 37.979771; 23.733317; 51.4286; -0.0000; -0.0000; 0.800000; 37.979775; 23.733314; 51.4286; 0.0000; 0.0000; 0.840000; 37.979779; 23.733310; 51.4286; -0.0000; -0.0000; 0.880000; 37.979784; 23.733307; 51.4286; 0.0000; 0.0000; 0.920000; 37.979788; 23.733303; 51.4286; -0.0000; -0.0000; 0.960000; 37.979792; 23.733300; 51.4286; 0.0000; 0.0000; 1.000000; 
4; Car; 9.85; 12.660487; 37.979773; 23.733475; 9.3366; -0.0767; -0.0825; 0.000000; 37.979774; 23.733474; 9.3324; 0.0187; -0.0930; 0.040000; 37.979775; 23.733474; 9.3393; 0.0775; -0.1030; 0.080000; 37.979775; 23.733473; 9.3547; 0.1362; -0.1122; 0.120000; 37.979776; 23.733473; 9.3825; 0.2499; -0.1207; 0.160000; 37.979777; 23.733472; 9.4306; 0.4185; -0.1285; 0.200000; 37.979778; 23.733471; 9.5070; 0.6422; -0.1357; 0.240000; 37.979779; 23.733471; 9.6135; 0.8365; -0.1426; 0.280000; 37.979779; 23.733470; 9.7440; 0.9759; -0.1494; 0.320000; 37.979780; 23.733470; 9.8937; 1.1042; -0.1559; 0.360000; 37.979781; 23.733469; 10.0612; 1.2217; -0.1622; 0.400000; 37.979782; 23.733468; 10.2487; 1.3832; -0.1683; 0.440000; 37.979783; 23.733468; 10.4622; 1.5813; -0.1740; 0.480000; 37.979783; 23.733467; 10.0436; 0.8258; -0.1300; 0.520000; 37.979784; 23.733467; 10.1684; 0.9077; -0.1363; 0.560000; 37.979785; 23.733466; 10.3036; 0.9705; -0.1414; 0.600000; 37.979786; 23.733465; 10.4479; 1.0334; -0.1452; 0.640000; 37.979787; 23.733465; 10.6029; 1.1192; -0.1477; 0.680000; 37.979787; 23.733464; 10.7716; 1.2239; -0.1489; 0.720000; 37.979788; 23.733463; 10.9550; 1.3228; -0.1488; 0.760000; 37.979789; 23.733463; 11.1508; 1.3969; -0.1476; 0.800000; 37.979790; 23.733462; 11.3548; 1.4367; -0.1454; 0.840000; 37.979791; 23.733461; 11.5642; 1.4709; -0.1422; 0.880000; 37.979792; 23.733460; 11.7780; 1.4995; -0.1380; 0.920000; 37.979793; 23.733459; 11.9956; 1.5222; -0.1328; 0.960000; 37.979794; 23.733459; 12.2160; 1.5392; -0.1268; 1.000000; 37.979795; 23.733458; 12.4364; 1.5218; -0.1198; 1.040000; 37.979796; 23.733457; 12.6539; 1.4987; -0.1120; 1.080000; 37.979797; 23.733456; 12.8676; 1.4700; -0.1032; 1.120000; 37.979798; 23.733455; 13.0768; 1.4355; -0.0936; 1.160000; 37.979799; 23.733454; 13.2806; 1.3952; -0.0830; 1.200000; 37.979801; 23.733453; 13.4762; 1.3207; -0.0716; 1.240000; 37.979802; 23.733452; 13.6597; 1.2291; -0.0593; 1.280000; 37.979803; 23.733451; 13.8297; 1.1318; -0.0462; 1.320000; 37.979804; 23.733450; 13.9863; 1.0421; -0.0323; 1.360000; 37.979805; 23.733449; 14.1307; 0.9637; -0.0176; 1.400000; 37.979807; 23.733448; 14.2630; 0.8737; -0.0021; 1.440000; 37.979808; 23.733447; 14.3809; 0.7647; 0.0139; 1.480000; 37.979809; 23.733446; 14.4824; 0.6443; 0.0301; 1.520000; 37.979810; 23.733445; 14.5668; 0.5278; 0.0459; 1.560000; 37.979812; 23.733444; 14.6358; 0.4303; 0.0608; 1.600000; 37.979813; 23.733443; 14.6924; 0.3557; 0.0746; 1.640000; 37.979814; 23.733442; 14.7390; 0.2923; 0.0874; 1.680000; 37.979815; 23.733441; 14.7768; 0.2327; 0.0992; 1.720000; 37.979817; 23.733439; 14.8052; 0.1618; 0.1098; 1.760000; 37.979818; 23.733438; 14.8229; 0.0834; 0.1193; 1.800000; 37.979819; 23.733437; 14.8305; 0.0224; 0.1277; 1.840000; 37.979820; 23.733436; 14.8306; -0.0214; 0.1349; 1.880000; 37.979822; 23.733435; 14.8256; -0.0482; 0.1409; 1.920000; 37.979823; 23.733434; 14.8159; -0.0863; 0.1457; 1.960000; 37.979824; 23.733433; 14.7999; -0.1357; 0.1494; 2.000000; 37.979825; 23.733432; 14.7780; -0.1678; 0.1519; 2.040000; 37.979827; 23.733431; 14.7528; -0.1826; 0.1533; 2.080000; 37.979828; 23.733430; 14.7267; -0.1803; 0.1534; 2.120000; 37.979829; 23.733429; 14.7000; -0.1895; 0.1524; 2.160000; 37.979830; 23.733428; 14.6713; -0.2103; 0.1501; 2.200000; 37.979832; 23.733427; 14.6407; -0.2139; 0.1467; 2.240000; 37.979833; 23.733426; 14.6109; -0.2003; 0.1421; 2.280000; 37.979834; 23.733425; 14.5876; -0.1760; 0.1421; 2.320000; 37.979835; 23.733424; 14.5672; -0.1499; 0.1414; 2.360000; 37.979836; 23.733423; 14.5491; -0.1344; 0.1400; 2.400000; 37.979838; 23.733422; 14.5328; -0.1176; 0.1378; 2.440000; 37.979839; 23.733421; 14.5184; -0.0990; 0.1348; 2.480000; 37.979840; 23.733421; 14.5062; -0.0785; 0.1306; 2.520000; 37.979841; 23.733420; 14.4974; -0.0457; 0.1255; 2.560000; 37.979843; 23.733419; 14.4931; -0.0096; 0.1201; 2.600000; 37.979844; 23.733418; 14.4931; 0.0134; 0.1145; 2.640000; 37.979845; 23.733417; 14.4953; 0.0209; 0.1087; 2.680000; 37.979846; 23.733416; 14.4975; 0.0101; 0.1028; 2.720000; 37.979848; 23.733415; 14.4980; -0.0020; 0.0967; 2.760000; 37.979849; 23.733414; 14.4978; -0.0011; 0.0905; 2.800000; 
5; Car; 9.02; 10.818467; 37.979798; 23.733493; 10.0258; -0.0122; -0.0573; 0.000000; 37.979799; 23.733493; 10.0251; 0.0030; -0.0660; 0.040000; 37.979800; 23.733492; 10.0262; 0.0123; -0.0746; 0.080000; 37.979801; 23.733491; 10.0287; 0.0216; -0.0832; 0.120000; 37.979801; 23.733491; 10.0331; 0.0397; -0.0919; 0.160000; 37.979802; 23.733490; 10.0407; 0.0664; -0.1005; 0.200000; 37.979803; 23.733490; 10.0528; 0.1018; -0.1091; 0.240000; 37.979804; 23.733489; 10.0700; 0.1362; -0.1177; 0.280000; 37.979805; 23.733488; 10.0914; 0.1618; -0.1263; 0.320000; 37.979806; 23.733488; 10.1161; 0.1804; -0.1348; 0.360000; 37.979807; 23.733487; 10.1429; 0.1919; -0.1434; 0.400000; 37.979807; 23.733486; 10.1714; 0.2050; -0.1520; 0.440000; 37.979808; 23.733486; 10.2023; 0.2239; -0.1603; 0.480000; 37.979809; 23.733485; 10.1345; 0.1124; -0.1127; 0.520000; 37.979810; 23.733485; 10.1513; 0.1207; -0.1203; 0.560000; 37.979811; 23.733484; 10.1691; 0.1261; -0.1275; 0.600000; 37.979812; 23.733483; 10.1876; 0.1314; -0.1341; 0.640000; 37.979813; 23.733483; 10.2070; 0.1376; -0.1403; 0.680000; 37.979814; 23.733482; 10.2275; 0.1468; -0.1459; 0.720000; 37.979814; 23.733481; 10.2495; 0.1592; -0.1510; 0.760000; 37.979815; 23.733481; 10.2733; 0.1719; -0.1556; 0.800000; 37.979816; 23.733480; 10.2989; 0.1833; -0.1596; 0.840000; 37.979817; 23.733479; 10.3259; 0.1911; -0.1632; 0.880000; 37.979818; 23.733479; 10.3537; 0.1951; -0.1662; 0.920000; 37.979819; 23.733478; 10.3823; 0.2025; -0.1688; 0.960000; 37.979820; 23.733477; 10.4122; 0.2130; -0.1709; 1.000000; 37.979821; 23.733477; 10.4436; 0.2224; -0.1725; 1.040000; 37.979822; 23.733476; 10.4760; 0.2280; -0.1736; 1.080000; 37.979822; 23.733475; 10.5090; 0.2299; -0.1742; 1.120000; 37.979823; 23.733474; 10.5425; 0.2351; -0.1742; 1.160000; 37.979824; 23.733474; 10.5769; 0.2436; -0.1738; 1.200000; 37.979825; 23.733473; 10.6125; 0.2508; -0.1729; 1.240000; 37.979826; 23.733472; 10.6488; 0.2535; -0.1714; 1.280000; 37.979827; 23.733472; 10.6853; 0.2525; -0.1695; 1.320000; 37.979828; 23.733471; 10.7217; 0.2536; -0.1670; 1.360000; 37.979829; 23.733470; 10.7586; 0.2593; -0.1641; 1.400000; 37.979830; 23.733469; 10.7966; 0.2687; -0.1607; 1.440000; 37.979830; 23.733469; 10.8361; 0.2797; -0.1568; 1.480000; 37.979831; 23.733468; 10.8771; 0.2898; -0.1525; 1.520000; 37.979832; 23.733467; 10.9194; 0.2978; -0.1478; 1.560000; 37.979833; 23.733466; 10.9628; 0.3042; -0.1430; 1.600000; 37.979834; 23.733466; 11.0071; 0.3114; -0.1382; 1.640000; 37.979835; 23.733465; 11.0528; 0.3232; -0.1335; 1.680000; 37.979836; 23.733464; 11.1003; 0.3374; -0.1288; 1.720000; 37.979837; 23.733463; 11.1497; 0.3484; -0.1241; 1.760000; 37.979838; 23.733462; 11.2003; 0.3541; -0.1195; 1.800000; 37.979839; 23.733462; 11.2513; 0.3541; -0.1149; 1.840000; 37.979840; 23.733461; 11.3024; 0.3555; -0.1104; 1.880000; 37.979841; 23.733460; 11.3538; 0.3583; -0.1059; 1.920000; 37.979841; 23.733459; 11.4053; 0.3578; -0.1015; 1.960000; 37.979842; 23.733458; 11.4566; 0.3541; -0.0972; 2.000000; 37.979843; 23.733458; 11.5069; 0.3448; -0.0929; 2.040000; 37.979844; 23.733457; 11.5560; 0.3369; -0.0886; 2.080000; 37.979845; 23.733456; 11.6040; 0.3302; -0.0843; 2.120000; 37.979846; 23.733455; 11.6509; 0.3204; -0.0801; 2.160000; 37.979847; 23.733454; 11.6961; 0.3074; -0.0760; 2.200000; 37.979848; 23.733453; 11.7390; 0.2887; -0.0719; 2.240000; 37.979849; 23.733453; 11.7790; 0.2668; -0.0678; 2.280000; 37.979850; 23.733452; 11.8159; 0.2462; -0.0638; 2.320000; 37.979851; 23.733451; 11.8502; 0.2301; -0.0598; 2.360000; 37.979852; 23.733450; 11.8825; 0.2179; -0.0559; 2.400000; 37.979853; 23.733449; 11.9129; 0.2056; -0.0520; 2.440000; 37.979854; 23.733448; 11.9413; 0.1887; -0.0482; 2.480000; 37.979855; 23.733447; 11.9637; 0.1756; -0.0462; 2.520000; 37.979856; 23.733446; 11.9847; 0.1607; -0.0443; 2.560000; 37.979857; 23.733445; 12.0044; 0.1467; -0.0424; 2.600000; 37.979858; 23.733445; 12.0227; 0.1325; -0.0405; 2.640000; 37.979859; 23.733444; 12.0397; 0.1183; -0.0386; 2.680000; 37.979860; 23.733443; 12.0553; 0.1039; -0.0367; 2.720000; 37.979861; 23.733442; 12.0692; 0.0844; -0.0348; 2.760000; 37.979862; 23.733441; 12.0807; 0.0619; -0.0329; 2.800000; 37.979863; 23.733440; 12.0899; 0.0431; -0.0310; 2.840000; 37.979864; 23.733439; 12.0973; 0.0288; -0.0291; 2.880000; 37.979865; 23.733438; 12.1034; 0.0196; -0.0272; 2.920000; 37.979866; 23.733437; 12.1084; 0.0043; -0.0253; 2.960000; 37.979867; 23.733437; 12.1111; -0.0187; -0.0235; 3.000000; 
6; Motorcycle; 25.78; 38.668483; 37.979610; 23.733487; 39.4717; 0.0408; 0.1247; 0.000000; 37.979613; 23.733484; 39.4790; 0.0612; 0.1435; 0.040000; 37.979616; 23.733481; 39.4894; 0.0829; 0.1620; 0.080000; 37.979619; 23.733478; 39.5026; 0.1006; 0.1797; 0.120000; 37.979623; 23.733475; 39.5182; 0.1163; 0.1963; 0.160000; 37.979626; 23.733472; 39.5360; 0.1299; 0.2119; 0.200000; 37.979629; 23.733469; 39.5557; 0.1440; 0.2265; 0.240000; 37.979632; 23.733466; 39.5778; 0.1636; 0.2402; 0.280000; 37.979635; 23.733464; 39.6026; 0.1807; 0.2528; 0.320000; 37.979639; 23.733461; 39.6290; 0.1857; 0.2645; 0.360000; 37.979642; 23.733458; 39.6552; 0.1787; 0.2752; 0.400000; 37.979645; 23.733455; 39.6802; 0.1675; 0.2849; 0.440000; 37.979648; 23.733452; 39.7041; 0.1644; 0.2936; 0.480000; 37.979652; 23.733449; 39.6022; 0.0970; 0.2119; 0.520000; 37.979655; 23.733446; 39.6161; 0.0953; 0.2246; 0.560000; 37.979658; 23.733443; 39.6294; 0.0893; 0.2368; 0.600000; 37.979661; 23.733441; 39.6415; 0.0791; 0.2484; 0.640000; 37.979664; 23.733438; 39.6523; 0.0717; 0.2595; 0.680000; 37.979668; 23.733435; 39.6623; 0.0671; 0.2702; 0.720000; 37.979671; 23.733432; 39.6715; 0.0596; 0.2803; 0.760000; 37.979674; 23.733429; 39.6792; 0.0479; 0.2900; 0.800000; 37.979678; 23.733426; 39.6848; 0.0300; 0.2992; 0.840000; 37.979681; 23.733423; 39.6879; 0.0124; 0.3079; 0.880000; 37.979684; 23.733420; 39.6884; -0.0045; 0.3161; 0.920000; 37.979687; 23.733418; 39.6865; -0.0227; 0.3237; 0.960000; 37.979691; 23.733415; 39.6817; -0.0431; 0.3309; 1.000000; 37.979694; 23.733412; 39.6736; -0.0700; 0.3377; 1.040000; 37.979697; 23.733409; 39.6612; -0.1020; 0.3437; 1.080000; 37.979701; 23.733406; 39.6442; -0.1347; 0.3486; 1.120000; 37.979704; 23.733403; 39.6226; -0.1652; 0.3522; 1.160000; 37.979707; 23.733401; 39.5970; -0.1906; 0.3548; 1.200000; 37.979710; 23.733398; 39.5680; -0.2120; 0.3565; 1.240000; 37.979714; 23.733395; 39.5357; -0.2359; 0.3573; 1.280000; 37.979717; 23.733392; 39.5000; -0.2608; 0.3571; 1.320000; 37.979720; 23.733389; 39.4608; -0.2830; 0.3559; 1.360000; 37.979724; 23.733387; 39.4188; -0.3005; 0.3538; 1.400000; 37.979727; 23.733384; 39.3750; -0.3082; 0.3507; 1.440000; 37.979730; 23.733381; 39.3301; -0.3153; 0.3467; 1.480000; 37.979733; 23.733378; 39.2842; -0.3219; 0.3417; 1.520000; 37.979737; 23.733375; 39.2376; -0.3259; 0.3358; 1.560000; 37.979740; 23.733373; 39.1905; -0.3271; 0.3289; 1.600000; 37.979743; 23.733370; 39.1440; -0.3187; 0.3210; 1.640000; 37.979747; 23.733367; 39.0991; -0.3048; 0.3122; 1.680000; 37.979750; 23.733365; 39.0563; -0.2903; 0.3023; 1.720000; 37.979753; 23.733362; 39.0152; -0.2805; 0.2915; 1.760000; 37.979756; 23.733359; 38.9752; -0.2753; 0.2796; 1.800000; 37.979760; 23.733357; 38.9361; -0.2677; 0.2666; 1.840000; 37.979763; 23.733354; 38.8985; -0.2547; 0.2527; 1.880000; 37.979766; 23.733351; 38.8714; -0.2466; 0.2476; 1.920000; 37.979769; 23.733349; 38.8446; -0.2403; 0.2420; 1.960000; 37.979773; 23.733346; 38.8179; -0.2366; 0.2357; 2.000000; 37.979776; 23.733343; 38.7911; -0.2286; 0.2286; 2.040000; 37.979779; 23.733341; 38.7650; -0.2156; 0.2206; 2.080000; 37.979782; 23.733338; 38.7402; -0.1969; 0.2116; 2.120000; 37.979786; 23.733336; 38.7175; -0.1737; 0.2017; 2.160000; 37.979789; 23.733333; 38.6973; -0.1512; 0.1916; 2.200000; 37.979792; 23.733330; 38.6792; -0.1308; 0.1813; 2.240000; 37.979795; 23.733328; 38.6631; -0.1127; 0.1710; 2.280000; 37.979799; 23.733325; 38.6485; -0.0975; 0.1606; 2.320000; 37.979802; 23.733322; 38.6359; -0.0736; 0.1501; 2.360000; 37.979805; 23.733320; 38.6265; -0.0424; 0.1396; 2.400000; 
7; Motorcycle; 27.08; 19.501143; 37.979651; 23.733595; 21.2491; 0.0291; -0.2190; 0.000000; 37.979653; 23.733594; 21.2506; -0.0071; -0.2534; 0.040000; 37.979655; 23.733593; 21.2480; -0.0293; -0.2881; 0.080000; 37.979657; 23.733592; 21.2422; -0.0516; -0.3230; 0.120000; 37.979659; 23.733591; 21.2317; -0.0947; -0.3583; 0.160000; 37.979661; 23.733590; 21.2134; -0.1586; -0.3938; 0.200000; 37.979663; 23.733589; 21.1845; -0.2434; -0.4297; 0.240000; 37.979665; 23.733588; 21.1439; -0.3195; -0.4657; 0.280000; 37.979667; 23.733587; 21.0939; -0.3747; -0.5016; 0.320000; 37.979669; 23.733586; 21.0366; -0.4222; -0.5376; 0.360000; 37.979671; 23.733585; 20.9729; -0.4618; -0.5735; 0.400000; 37.979672; 23.733584; 20.9026; -0.5145; -0.6093; 0.440000; 37.979674; 23.733582; 20.8237; -0.5811; -0.6446; 0.480000; 37.979676; 23.733581; 20.9833; -0.3004; -0.4481; 0.520000; 37.979678; 23.733580; 20.9381; -0.3282; -0.4799; 0.560000; 37.979680; 23.733579; 20.8893; -0.3489; -0.5101; 0.600000; 37.979682; 23.733578; 20.8376; -0.3695; -0.5387; 0.640000; 37.979684; 23.733577; 20.7824; -0.3970; -0.5658; 0.680000; 37.979686; 23.733576; 20.7227; -0.4316; -0.5913; 0.720000; 37.979688; 23.733575; 20.6581; -0.4669; -0.6152; 0.760000; 37.979690; 23.733573; 20.5888; -0.4956; -0.6374; 0.800000; 37.979692; 23.733572; 20.5160; -0.5142; -0.6579; 0.840000; 37.979693; 23.733571; 20.4410; -0.5287; -0.6767; 0.880000; 37.979695; 23.733570; 20.3641; -0.5392; -0.6939; 0.920000; 37.979697; 23.733569; 20.2856; -0.5504; -0.7093; 0.960000; 37.979699; 23.733568; 20.2055; -0.5622; -0.7230; 1.000000; 37.979701; 23.733566; 20.1244; -0.5638; -0.7349; 1.040000; 37.979702; 23.733565; 20.0434; -0.5614; -0.7451; 1.080000; 37.979704; 23.733564; 19.9630; -0.5549; -0.7536; 1.120000; 37.979706; 23.733563; 19.8835; -0.5491; -0.7605; 1.160000; 37.979708; 23.733562; 19.8048; -0.5440; -0.7656; 1.200000; 37.979709; 23.733560; 19.7276; -0.5288; -0.7690; 1.240000; 37.979711; 23.733559; 19.6532; -0.5044; -0.7706; 1.280000; 37.979713; 23.733558; 19.5826; -0.4760; -0.7703; 1.320000; 37.979714; 23.733557; 19.5157; -0.4532; -0.7681; 1.360000; 37.979716; 23.733555; 19.4515; -0.4386; -0.7640; 1.400000; 37.979718; 23.733554; 19.3893; -0.4255; -0.7582; 1.440000; 37.979719; 23.733553; 19.3293; -0.4084; -0.7503; 1.480000; 37.979721; 23.733552; 19.2720; -0.3862; -0.7393; 1.520000; 37.979723; 23.733550; 19.2181; -0.3636; -0.7254; 1.560000; 37.979724; 23.733549; 19.1671; -0.3450; -0.7095; 1.600000; 37.979726; 23.733548; 19.1182; -0.3332; -0.6919; 1.640000; 37.979727; 23.733546; 19.0705; -0.3296; -0.6727; 1.680000; 37.979729; 23.733545; 19.0231; -0.3287; -0.6517; 1.720000; 37.979731; 23.733544; 18.9764; -0.3195; -0.6291; 1.760000; 37.979732; 23.733542; 18.9317; -0.3014; -0.6049; 1.800000; 37.979734; 23.733541; 18.8898; -0.2811; -0.5791; 1.840000; 37.979735; 23.733540; 18.8502; -0.2685; -0.5516; 1.880000; 37.979737; 23.733538; 18.8119; -0.2634; -0.5225; 1.920000; 37.979738; 23.733537; 18.7750; -0.2500; -0.4919; 1.960000; 37.979740; 23.733536; 18.7406; -0.2282; -0.4598; 2.000000; 37.979741; 23.733534; 18.7094; -0.2040; -0.4261; 2.040000; 37.979743; 23.733533; 18.6812; -0.1875; -0.3910; 2.080000; 37.979744; 23.733531; 18.6549; -0.1787; -0.3542; 2.120000; 37.979746; 23.733530; 18.6304; -0.1615; -0.3157; 2.160000; 37.979747; 23.733529; 18.6090; -0.1358; -0.2756; 2.200000; 37.979749; 23.733527; 18.5914; -0.1080; -0.2338; 2.240000; 37.979750; 23.733526; 18.5776; -0.0839; -0.1904; 2.280000; 37.979752; 23.733524; 18.5667; -0.0675; -0.1456; 2.320000; 37.979753; 23.733523; 18.5580; -0.0534; -0.0994; 2.360000; 37.979755; 23.733522; 18.5516; -0.0366; -0.0519; 2.400000; 37.979756; 23.733520; 18.5478; -0.0155; -0.0033; 2.440000; 37.979758; 23.733519; 18.5476; 0.0121; 0.0458; 2.480000; 37.979759; 23.733517; 18.5516; 0.0435; 0.0929; 2.520000; 37.979761; 23.733516; 18.5597; 0.0693; 0.1369; 2.560000; 37.979762; 23.733515; 18.5710; 0.0885; 0.1770; 2.600000; 37.979764; 23.733513; 18.5850; 0.1062; 0.2129; 2.640000; 37.979765; 23.733512; 18.6018; 0.1266; 0.2445; 2.680000; 37.979767; 23.733510; 18.6219; 0.1521; 0.2717; 2.720000; 37.979768; 23.733509; 18.6459; 0.1811; 0.2944; 2.760000; 37.979769; 23.733508; 18.6739; 0.2081; 0.3127; 2.800000; 37.979771; 23.733506; 18.7053; 0.2287; 0.3264; 2.840000; 37.979773; 23.733505; 18.7394; 0.2437; 0.3357; 2.880000; 37.979774; 23.733504; 18.7751; 0.2530; 0.3405; 2.920000; 37.979776; 23.733502; 18.8125; 0.2659; 0.3411; 2.960000; 37.979777; 23.733501; 18.8520; 0.2823; 0.3373; 3.000000; 37.979779; 23.733499; 18.8933; 0.2924; 0.3293; 3.040000; 37.979780; 23.733498; 18.9358; 0.2968; 0.3171; 3.080000; 37.979782; 23.733497; 18.9784; 0.2955; 0.3006; 3.120000; 37.979783; 23.733495; 19.0211; 0.2977; 0.2799; 3.160000; 37.979785; 23.733494; 19.0644; 0.3036; 0.2547; 3.200000; 37.979787; 23.733493; 19.1081; 0.3030; 0.2252; 3.240000; 37.979788; 23.733491; 19.1512; 0.2954; 0.1914; 3.280000; 37.979790; 23.733490; 19.1927; 0.2821; 0.1533; 3.320000; 37.979791; 23.733489; 19.2325; 0.2707; 0.1111; 3.360000; 37.979793; 23.733487; 19.2711; 0.2652; 0.0648; 3.400000; 37.979795; 23.733486; 19.3090; 0.2611; 0.0147; 3.440000; 37.979796; 23.733485; 19.3463; 0.2567; -0.0388; 3.480000; 37.979798; 23.733483; 19.3828; 0.2507; -0.0936; 3.520000; 37.979800; 23.733482; 19.4183; 0.2424; -0.1482; 3.560000; 37.979801; 23.733481; 19.4527; 0.2345; -0.2002; 3.600000; 37.979803; 23.733479; 19.4862; 0.2308; -0.2489; 3.640000; 37.979804; 23.733478; 19.5196; 0.2330; -0.2942; 3.680000; 37.979806; 23.733477; 19.5535; 0.2388; -0.3360; 3.720000; 37.979808; 23.733475; 19.5881; 0.2417; -0.3742; 3.760000; 37.979809; 23.733474; 19.6228; 0.2392; -0.4088; 3.800000; 37.979811; 23.733473; 19.6569; 0.2345; -0.4395; 3.840000; 37.979813; 23.733471; 19.6904; 0.2319; -0.4666; 3.880000; 37.979814; 23.733470; 19.7238; 0.2316; -0.4899; 3.920000; 37.979816; 23.733468; 19.7569; 0.2283; -0.5094; 3.960000; 37.979817; 23.733467; 19.7893; 0.2220; -0.5254; 4.000000; 37.979819; 23.733465; 19.8207; 0.2133; -0.5377; 4.040000; 37.979821; 23.733464; 19.8509; 0.2069; -0.5465; 4.080000; 37.979822; 23.733462; 19.8804; 0.2027; -0.5516; 4.120000; 37.979824; 23.733461; 19.9091; 0.1955; -0.5532; 4.160000; 37.979825; 23.733459; 19.9365; 0.1853; -0.5512; 4.200000; 37.979827; 23.733458; 19.9623; 0.1728; -0.5455; 4.240000; 37.979829; 23.733456; 19.9862; 0.1595; -0.5363; 4.280000; 37.979830; 23.733455; 20.0084; 0.1484; -0.5235; 4.320000; 37.979832; 23.733453; 20.0292; 0.1403; -0.5071; 4.360000; 37.979833; 23.733452; 20.0489; 0.1338; -0.4873; 4.400000; 37.979835; 23.733450; 20.0677; 0.1272; -0.4640; 4.440000; 37.979837; 23.733448; 20.0853; 0.1177; -0.4374; 4.480000; 37.979838; 23.733447; 20.0992; 0.1104; -0.4242; 4.520000; 37.979840; 23.733445; 20.1125; 0.1028; -0.4083; 4.560000; 37.979841; 23.733444; 20.1252; 0.0958; -0.3917; 4.600000; 37.979843; 23.733442; 20.1372; 0.0880; -0.3750; 4.640000; 37.979844; 23.733440; 20.1485; 0.0790; -0.3580; 4.680000; 37.979846; 23.733439; 20.1589; 0.0689; -0.3410; 4.720000; 37.979848; 23.733437; 20.1681; 0.0553; -0.3237; 4.760000; 37.979849; 23.733436; 20.1756; 0.0406; -0.3065; 4.800000; 37.979851; 23.733434; 20.1817; 0.0283; -0.2893; 4.840000; 37.979852; 23.733432; 20.1865; 0.0189; -0.2721; 4.880000; 37.979854; 23.733431; 20.1905; 0.0129; -0.2549; 4.920000; 37.979855; 23.733429; 20.1938; 0.0028; -0.2377; 4.960000; 37.979857; 23.733427; 20.1956; -0.0122; -0.2206; 5.000000; 
8; Motorcycle; 29.43; 52.980993; 37.979608; 23.733554; 50.5417; 1.0599; -0.3479; 0.000000; 37.979612; 23.733550; 50.6947; 1.0651; -0.3825; 0.040000; 37.979616; 23.733546; 50.8496; 1.0864; -0.4109; 0.080000; 37.979620; 23.733542; 51.0068; 1.0961; -0.4329; 0.120000; 37.979624; 23.733539; 51.1635; 1.0816; -0.4485; 0.160000; 37.979628; 23.733535; 51.3165; 1.0427; -0.4576; 0.200000; 37.979632; 23.733531; 51.4664; 1.0399; -0.4601; 0.240000; 37.979636; 23.733528; 51.6171; 1.0531; -0.4561; 0.280000; 37.979641; 23.733524; 51.7670; 1.0279; -0.4458; 0.320000; 37.979645; 23.733520; 51.9127; 0.9958; -0.4293; 0.360000; 37.979649; 23.733516; 52.0532; 0.9566; -0.4068; 0.400000; 37.979653; 23.733512; 52.1873; 0.9049; -0.3795; 0.440000; 37.979657; 23.733509; 52.3142; 0.8579; -0.3510; 0.480000; 37.979661; 23.733505; 51.4754; 0.9608; -0.3288; 0.520000; 37.979665; 23.733501; 51.6177; 1.0155; -0.3328; 0.560000; 37.979670; 23.733497; 51.7696; 1.0949; -0.3335; 0.600000; 37.979674; 23.733493; 51.9321; 1.1618; -0.3311; 0.640000; 37.979678; 23.733489; 52.1012; 1.1864; -0.3254; 0.680000; 37.979682; 23.733485; 52.2717; 1.1821; -0.3166; 0.720000; 37.979686; 23.733481; 52.4444; 1.2169; -0.3046; 0.760000; 37.979690; 23.733477; 52.6254; 1.2968; -0.2895; 0.800000; 37.979695; 23.733473; 52.8191; 1.3935; -0.2713; 0.840000; 37.979699; 23.733469; 53.0264; 1.4862; -0.2503; 0.880000; 37.979703; 23.733465; 53.2447; 1.5453; -0.2272; 0.920000; 37.979707; 23.733461; 53.4693; 1.5740; -0.2027; 0.960000; 37.979712; 23.733457; 53.6977; 1.5977; -0.1789; 1.000000; 37.979716; 23.733453; 53.9302; 1.6316; -0.1562; 1.040000; 37.979720; 23.733449; 54.1720; 1.7278; -0.1348; 1.080000; 37.979724; 23.733445; 54.4302; 1.8577; -0.1145; 1.120000; 37.979729; 23.733441; 54.7034; 1.9373; -0.0955; 1.160000; 37.979733; 23.733436; 54.9829; 1.9438; -0.0778; 1.200000; 37.979737; 23.733432; 55.2585; 1.8839; -0.0616; 1.240000; 37.979742; 23.733428; 55.5248; 1.8144; -0.0467; 1.280000; 37.979746; 23.733424; 55.7830; 1.7730; -0.0333; 1.320000; 37.979750; 23.733420; 56.0358; 1.7380; -0.0213; 1.360000; 37.979755; 23.733415; 56.2841; 1.7095; -0.0106; 1.400000; 37.979759; 23.733411; 56.5275; 1.6711; -0.0012; 1.440000; 37.979764; 23.733407; 56.7646; 1.6229; 0.0069; 1.480000; 37.979768; 23.733402; 56.9083; 1.6252; 0.0145; 1.520000; 37.979773; 23.733398; 57.0550; 1.6347; 0.0216; 1.560000; 37.979778; 23.733393; 57.2060; 1.6524; 0.0282; 1.600000; 37.979782; 23.733389; 57.3618; 1.6600; 0.0342; 1.640000; 37.979787; 23.733384; 57.5213; 1.6562; 0.0394; 1.680000; 37.979792; 23.733380; 57.6830; 1.6395; 0.0438; 1.720000; 37.979797; 23.733375; 57.8485; 1.6482; 0.0473; 1.760000; 37.979801; 23.733371; 58.0209; 1.6672; 0.0499; 1.800000; 37.979806; 23.733366; 58.1989; 1.6430; 0.0514; 1.840000; 37.979811; 23.733362; 58.3766; 1.5680; 0.0516; 1.880000; 37.979816; 23.733357; 58.5466; 1.4326; 0.0503; 1.920000; 37.979820; 23.733353; 58.7021; 1.2622; 0.0476; 1.960000; 37.979825; 23.733348; 58.8417; 1.1064; 0.0445; 2.000000; 
9; Car; 29.88; 35.851799; 37.979589; 23.733546; 34.5034; -0.0348; 0.0048; 0.000000; 37.979591; 23.733543; 34.5015; 0.0085; 0.0055; 0.040000; 37.979594; 23.733541; 34.5047; 0.0352; 0.0062; 0.080000; 37.979597; 23.733538; 34.5117; 0.0618; 0.0069; 0.120000; 37.979600; 23.733536; 34.5243; 0.1134; 0.0076; 0.160000; 37.979603; 23.733534; 34.5461; 0.1900; 0.0083; 0.200000; 37.979606; 23.733531; 34.5808; 0.2915; 0.0090; 0.240000; 37.979609; 23.733529; 34.6292; 0.3815; 0.0097; 0.280000; 37.979611; 23.733526; 34.6889; 0.4466; 0.0104; 0.320000; 37.979614; 23.733524; 34.7573; 0.5039; 0.0111; 0.360000; 37.979617; 23.733521; 34.8335; 0.5535; 0.0117; 0.400000; 37.979620; 23.733519; 34.9180; 0.6203; 0.0123; 0.440000; 37.979623; 23.733516; 35.0133; 0.7037; 0.0129; 0.480000; 37.979626; 23.733514; 34.8226; 0.3651; 0.0090; 0.520000; 37.979629; 23.733511; 34.8777; 0.3999; 0.0094; 0.560000; 37.979631; 23.733509; 34.9371; 0.4260; 0.0097; 0.600000; 37.979634; 23.733507; 35.0003; 0.4521; 0.0098; 0.640000; 37.979637; 23.733504; 35.0680; 0.4872; 0.0098; 0.680000; 37.979640; 23.733502; 35.1413; 0.5308; 0.0096; 0.720000; 37.979643; 23.733499; 35.2208; 0.5740; 0.0093; 0.760000; 37.979646; 23.733497; 35.3059; 0.6082; 0.0089; 0.800000; 37.979649; 23.733494; 35.3950; 0.6289; 0.0083; 0.840000; 37.979652; 23.733492; 35.4868; 0.6456; 0.0076; 0.880000; 37.979655; 23.733489; 35.5806; 0.6583; 0.0067; 0.920000; 37.979658; 23.733487; 35.6763; 0.6706; 0.0057; 0.960000; 37.979660; 23.733484; 35.7737; 0.6824; 0.0045; 1.000000; 37.979663; 23.733481; 35.8719; 0.6808; 0.0032; 1.040000; 37.979666; 23.733479; 35.9695; 0.6751; 0.0018; 1.080000; 37.979669; 23.733476; 36.0660; 0.6655; 0.0003; 1.120000; 37.979672; 23.733474; 36.1612; 0.6554; -0.0014; 1.160000; 37.979675; 23.733471; 36.2548; 0.6449; -0.0033; 1.200000; 37.979678; 23.733469; 36.3459; 0.6210; -0.0053; 1.240000; 37.979681; 23.733466; 36.4330; 0.5883; -0.0074; 1.280000; 37.979685; 23.733463; 36.5151; 0.5517; -0.0096; 1.320000; 37.979688; 23.733461; 36.5922; 0.5190; -0.0120; 1.360000; 37.979691; 23.733458; 36.6650; 0.4929; -0.0145; 1.400000; 37.979694; 23.733455; 36.7339; 0.4644; -0.0172; 1.440000; 37.979697; 23.733453; 36.7983; 0.4297; -0.0199; 1.480000; 37.979700; 23.733450; 36.8573; 0.3903; -0.0226; 1.520000; 37.979703; 23.733448; 36.9107; 0.3512; -0.0252; 1.560000; 37.979706; 23.733445; 36.9589; 0.3184; -0.0276; 1.600000; 37.979709; 23.733442; 37.0031; 0.2944; -0.0299; 1.640000; 37.979712; 23.733440; 37.0442; 0.2771; -0.0319; 1.680000; 37.979715; 23.733437; 37.0831; 0.2624; -0.0338; 1.720000; 37.979718; 23.733434; 37.1194; 0.2418; -0.0355; 1.760000; 37.979721; 23.733432; 37.1523; 0.2157; -0.0370; 1.800000; 37.979724; 23.733429; 37.1817; 0.1930; -0.0382; 1.840000; 37.979727; 23.733426; 37.2084; 0.1775; -0.0393; 1.880000; 37.979731; 23.733424; 37.2333; 0.1689; -0.0402; 1.920000; 37.979734; 23.733421; 37.2566; 0.1545; -0.0408; 1.960000; 37.979737; 23.733418; 37.2774; 0.1342; -0.0413; 2.000000; 37.979740; 23.733416; 37.2955; 0.1174; -0.0415; 2.040000; 37.979743; 23.733413; 37.3117; 0.1077; -0.0416; 2.080000; 37.979746; 23.733410; 37.3270; 0.1050; -0.0414; 2.120000; 37.979749; 23.733408; 37.3415; 0.0964; -0.0411; 2.160000; 37.979752; 23.733405; 37.3544; 0.0819; -0.0405; 2.200000; 37.979755; 23.733402; 37.3654; 0.0710; -0.0398; 2.240000; 37.979758; 23.733400; 37.3752; 0.0646; -0.0388; 2.280000; 37.979761; 23.733397; 37.3845; 0.0654; -0.0376; 2.320000; 37.979764; 23.733394; 37.3941; 0.0685; -0.0362; 2.360000; 37.979767; 23.733392; 37.4041; 0.0692; -0.0347; 2.400000; 37.979771; 23.733389; 37.4141; 0.0700; -0.0329; 2.440000; 37.979774; 23.733386; 37.4241; 0.0684; -0.0310; 2.480000; 37.979777; 23.733384; 37.4320; 0.0680; -0.0300; 2.520000; 37.979780; 23.733381; 37.4403; 0.0701; -0.0289; 2.560000; 37.979783; 23.733378; 37.4493; 0.0736; -0.0278; 2.600000; 37.979786; 23.733376; 37.4589; 0.0729; -0.0266; 2.640000; 37.979789; 23.733373; 37.4684; 0.0676; -0.0254; 2.680000; 37.979792; 23.733370; 37.4771; 0.0569; -0.0243; 2.720000; 37.979795; 23.733367; 37.4845; 0.0433; -0.0231; 2.760000; 37.979798; 23.733365; 37.4904; 0.0318; -0.0219; 2.800000; 37.979802; 23.733362; 37.4951; 0.0222; -0.0207; 2.840000; 37.979805; 23.733359; 37.4989; 0.0148; -0.0195; 2.880000; 37.979808; 23.733357; 37.5021; 0.0101; -0.0183; 2.920000; 37.979811; 23.733354; 37.5046; 0.0022; -0.0171; 2.960000; 37.979814; 23.733351; 37.5060; -0.0096; -0.0159; 3.000000; 
